page_url,primary_keyword,secondary_keyword_1,secondary_keyword_2,secondary_keyword_3,priority,engine,device,location,baseline_date,baseline_rank,wk1_date,wk1_rank,wk2_date,wk2_rank,wk3_date,wk3_rank,wk4_date,wk4_rank,wk5_date,wk5_rank,wk6_date,wk6_rank,wk7_date,wk7_rank,wk8_date,wk8_rank,notes
/,NDIS provider Shepparton,NDIS Shepparton,NDIS service provider Shepparton,disability support services Shepparton,High,Google,Mobile,Shepparton VIC,2026-04-29,7.4,2026-05-04,,2026-05-11,,2026-05-18,,2026-05-25,,2026-06-01,,2026-06-08,,2026-06-15,,2026-06-22,,
/registered-ndis-provider-shepparton,registered NDIS provider in Shepparton,NDIS providers Shepparton,NDIS provider Shepparton checklist,best NDIS provider Shepparton,High,Google,Mobile,Shepparton VIC,2026-04-29,,2026-05-04,,2026-05-11,,2026-05-18,,2026-05-25,,2026-06-01,,2026-06-08,,2026-06-15,,2026-06-22,,
/our-services,NDIS services Shepparton,shepparton disability services,disability services Shepparton,NDIS support services near me,High,Google,Mobile,Shepparton VIC,2026-04-29,11.1,2026-05-04,,2026-05-11,,2026-05-18,,2026-05-25,,2026-06-01,,2026-06-08,,2026-06-15,,2026-06-22,,
/dailylivingin-homesupport,NDIS daily living support Shepparton,in-home disability support Shepparton,personal care NDIS Shepparton,daily living assistance NDIS,High,Google,Mobile,Shepparton VIC,2026-04-29,15.5,2026-05-04,,2026-05-11,,2026-05-18,,2026-05-25,,2026-06-01,,2026-06-08,,2026-06-15,,2026-06-22,,
/communitynursingandcomplexcare,community nursing NDIS Shepparton,community nursing care Shepparton,NDIS complex nursing care,clinical disability support Shepparton,High,Google,Mobile,Shepparton VIC,2026-04-29,19.0,2026-05-04,,2026-05-11,,2026-05-18,,2026-05-25,,2026-06-01,,2026-06-08,,2026-06-15,,2026-06-22,,
/physiotherapyservices,NDIS physiotherapy Shepparton,physiotherapy Shepparton,physio Shepparton,NDIS home physiotherapy,Medium,Google,Mobile,Shepparton VIC,2026-04-29,58.8,2026-05-04,,2026-05-11,,2026-05-18,,2026-05-25,,2026-06-01,,2026-06-08,,2026-06-15,,2026-06-22,,
/communityparticipationgroupprograms,NDIS community participation Shepparton,NDIS group programs Shepparton,NDIS social groups,social support disability Shepparton,Medium,Google,Mobile,Shepparton VIC,2026-04-29,11.5,2026-05-04,,2026-05-11,,2026-05-18,,2026-05-25,,2026-06-01,,2026-06-08,,2026-06-15,,2026-06-22,,
/companion-care-services,companionship services Shepparton,NDIS companionship Shepparton,social support worker Shepparton,disability companionship services,Medium,Google,Mobile,Shepparton VIC,2026-04-29,,2026-05-04,,2026-05-11,,2026-05-18,,2026-05-25,,2026-06-01,,2026-06-08,,2026-06-15,,2026-06-22,,
/ndis-transport-service-provider,NDIS transport provider Shepparton,NDIS transport Shepparton,disability transport Shepparton,NDIS travel assistance Shepparton,Medium,Google,Mobile,Shepparton VIC,2026-04-29,19.7,2026-05-04,,2026-05-11,,2026-05-18,,2026-05-25,,2026-06-01,,2026-06-08,,2026-06-15,,2026-06-22,,
/ndis-hydrotherapy-services,NDIS hydrotherapy Shepparton,hydrotherapy NDIS,hydrotherapy pool sessions Shepparton,water therapy NDIS,Medium,Google,Mobile,Shepparton VIC,2026-04-29,77.0,2026-05-04,,2026-05-11,,2026-05-18,,2026-05-25,,2026-06-01,,2026-06-08,,2026-06-15,,2026-06-22,,
/ndispersonaltrainingsessions,NDIS personal training Shepparton,NDIS funded personal training,disability fitness program Shepparton,NDIS exercise support,Medium,Google,Mobile,Shepparton VIC,2026-04-29,,2026-05-04,,2026-05-11,,2026-05-18,,2026-05-25,,2026-06-01,,2026-06-08,,2026-06-15,,2026-06-22,,
/positivebehavioursupport,positive behaviour support Shepparton,NDIS behaviour support practitioner Shepparton,behaviour support plan NDIS,PBS services Shepparton,Medium,Google,Mobile,Shepparton VIC,2026-04-29,,2026-05-04,,2026-05-11,,2026-05-18,,2026-05-25,,2026-06-01,,2026-06-08,,2026-06-15,,2026-06-22,,
/ndis-cleaning-services,NDIS cleaning services Shepparton,house cleaning Shepparton,NDIS cleaning Shepparton,disability home cleaning Shepparton,Medium,Google,Mobile,Shepparton VIC,2026-04-29,2.3,2026-05-04,,2026-05-11,,2026-05-18,,2026-05-25,,2026-06-01,,2026-06-08,,2026-06-15,,2026-06-22,,
/supported-independent-living-sil-shepparton,supported independent living Shepparton,SIL vacancies Shepparton,NDIS accommodation Shepparton,supported independent living providers,High,Google,Mobile,Shepparton VIC,2026-04-29,,2026-05-04,,2026-05-11,,2026-05-18,,2026-05-25,,2026-06-01,,2026-06-08,,2026-06-15,,2026-06-22,,
/ndis-support-coordination,NDIS support coordination Shepparton,support coordination Shepparton,support coordinator Shepparton,NDIS plan management Shepparton,High,Google,Mobile,Shepparton VIC,2026-04-29,7.6,2026-05-04,,2026-05-11,,2026-05-18,,2026-05-25,,2026-06-01,,2026-06-08,,2026-06-15,,2026-06-22,,
/contact-us,contact NDIS provider Shepparton,NDIS referral Shepparton,Bright Support contact,disability support enquiry Shepparton,High,Google,Mobile,Shepparton VIC,2026-04-29,,2026-05-04,,2026-05-11,,2026-05-18,,2026-05-25,,2026-06-01,,2026-06-08,,2026-06-15,,2026-06-22,,
/about-us,Bright Support Shepparton,Bright Support,Bright Support services,shepparton disability services,Low,Google,Mobile,Shepparton VIC,2026-04-29,1.0,2026-05-04,,2026-05-11,,2026-05-18,,2026-05-25,,2026-06-01,,2026-06-08,,2026-06-15,,2026-06-22,,
/blog,NDIS blog Shepparton,NDIS guides Shepparton,disability support resources Victoria,NDIS Shepparton updates,Medium,Google,Mobile,Shepparton VIC,2026-04-29,,2026-05-04,,2026-05-11,,2026-05-18,,2026-05-25,,2026-06-01,,2026-06-08,,2026-06-15,,2026-06-22,,
/landing/ndis-support,NDIS support Shepparton,NDIS Shepparton,fast NDIS intake Shepparton,NDIS service provider Shepparton,High,Google,Mobile,Shepparton VIC,2026-04-29,10.6,2026-05-04,,2026-05-11,,2026-05-18,,2026-05-25,,2026-06-01,,2026-06-08,,2026-06-15,,2026-06-22,,
/career,NDIS careers Shepparton,disability support worker jobs Shepparton,community nursing jobs Shepparton,allied health jobs Shepparton,Low,Google,Mobile,Shepparton VIC,2026-04-29,,2026-05-04,,2026-05-11,,2026-05-18,,2026-05-25,,2026-06-01,,2026-06-08,,2026-06-15,,2026-06-22,,
